<layer-list xmlns:android="http://schemas.android.com/apk/res/android">

    <!-- Shadow layer -->
    <item>
        <shape android:shape="rectangle">
            <solid android:color="#E6E5E5" />
            <corners android:radius="30dp" />
            <padding
                android:left="0dp"
                android:top="0dp"
                android:right="0dp"
                android:bottom="2dp" />
        </shape>
    </item>

    <!-- Main content layer -->
    <item android:left="0dp" android:top="0dp" android:right="0dp" android:bottom="2dp">
        <shape android:shape="rectangle">
            <solid android:color="@color/white" />
            <corners android:radius="30dp" />
        </shape>
    </item>

</layer-list>
